time,site,date,pac_base_W,pac_opt_W,tc_base_C,tc_opt_C,delta_W,hour_local
2024-01-04 00:00:00+02:00,NC,2024-01-04,0.0,0.0,27.95,27.95,0.0,0
2024-01-04 01:00:00+02:00,NC,2024-01-04,0.0,0.0,26.7,26.7,0.0,1
2024-01-04 02:00:00+02:00,NC,2024-01-04,-0.0,-0.0,25.47,25.47,0.0,2
2024-01-04 03:00:00+02:00,NC,2024-01-04,0.0,0.0,24.53,24.53,0.0,3
2024-01-04 04:00:00+02:00,NC,2024-01-04,-0.0,-0.0,23.88,23.88,0.0,4
2024-01-04 05:00:00+02:00,NC,2024-01-04,0.0,0.0,23.41,23.41,0.0,5
2024-01-04 06:00:00+02:00,NC,2024-01-04,-0.0,-0.0,22.98,22.98,0.0,6
2024-01-04 07:00:00+02:00,NC,2024-01-04,27.259921968284356,26.694175037678438,28.114223366929224,28.050128164736932,-0.5657469306059184,7
2024-01-04 08:00:00+02:00,NC,2024-01-04,94.38151457644184,94.38151457644184,39.799583059817735,39.799583059817735,0.0,8
2024-01-04 09:00:00+02:00,NC,2024-01-04,138.22566245494366,136.86805154484105,51.075596765972705,50.82734759403452,-1.3576109101026077,9
2024-01-04 10:00:00+02:00,NC,2024-01-04,157.921208134509,156.98943364999263,55.80146637536649,55.6132492393094,-0.9317744845163531,10
2024-01-04 11:00:00+02:00,NC,2024-01-04,167.63337801077859,166.79338709650602,57.75602649370087,57.587448003042056,-0.8399909142725619,11
2024-01-04 12:00:00+02:00,NC,2024-01-04,174.00016200044553,172.95734593629692,58.501585168034374,58.303286047623175,-1.0428160641486102,12
2024-01-04 13:00:00+02:00,NC,2024-01-04,177.89380721644028,176.75315270547438,58.92671914542963,58.720474449333416,-1.140654510965902,13
2024-01-04 14:00:00+02:00,NC,2024-01-04,157.61710697918102,156.5213239092868,55.338594813552206,55.181147912047,-1.0957830698942246,14
2024-01-04 15:00:00+02:00,NC,2024-01-04,166.95716922738532,166.12850503673064,55.956560079889755,55.8373033452511,-0.8286641906546777,15
2024-01-04 16:00:00+02:00,NC,2024-01-04,167.6817586972523,166.83350440896345,54.92210447972863,54.80417325756815,-0.8482542882888424,16
2024-01-04 17:00:00+02:00,NC,2024-01-04,160.49211169846572,160.48682012702005,53.22297191907816,53.222265949955045,-0.005291571445667387,17
2024-01-04 18:00:00+02:00,NC,2024-01-04,121.50298198240885,121.50298198240885,47.98317407590257,47.98317407590257,0.0,18
2024-01-04 19:00:00+02:00,NC,2024-01-04,71.94783557743696,92.06874615117644,41.981659430492094,43.99337867429218,20.12091057373948,19
2024-01-04 20:00:00+02:00,NC,2024-01-04,0.0,0.0016673264643455748,31.98,31.980333256874975,0.0016673264643455748,20
2024-01-04 21:00:00+02:00,NC,2024-01-04,0.0,0.0,30.07,30.07,0.0,21
2024-01-04 22:00:00+02:00,NC,2024-01-04,0.0,0.0,29.05,29.05,0.0,22
2024-01-04 23:00:00+02:00,NC,2024-01-04,0.0,0.0,28.06,28.06,0.0,23
2024-01-21 00:00:00+02:00,NC,2024-01-21,-0.0,-0.0,28.91,28.91,0.0,0
2024-01-21 01:00:00+02:00,NC,2024-01-21,0.0,0.0,27.78,27.78,0.0,1
2024-01-21 02:00:00+02:00,NC,2024-01-21,0.0,0.0,27.15,27.15,0.0,2
2024-01-21 03:00:00+02:00,NC,2024-01-21,0.0,0.0,26.35,26.35,0.0,3
2024-01-21 04:00:00+02:00,NC,2024-01-21,0.0,0.0,25.27,25.27,0.0,4
2024-01-21 05:00:00+02:00,NC,2024-01-21,-0.0,-0.0,23.88,23.88,0.0,5
2024-01-21 06:00:00+02:00,NC,2024-01-21,0.0,0.0,22.77,22.77,0.0,6
2024-01-21 07:00:00+02:00,NC,2024-01-21,12.00685759407868,11.57530299680836,25.388311415102613,25.32892431124536,-0.43155459727032053,7
2024-01-21 08:00:00+02:00,NC,2024-01-21,66.37288797766496,66.37288797766496,34.46224903348495,34.46224903348495,0.0,8
2024-01-21 09:00:00+02:00,NC,2024-01-21,125.08037226608127,123.29075892277694,42.336304462475084,42.12741742346603,-1.7896133433043246,9
2024-01-21 10:00:00+02:00,NC,2024-01-21,160.0201213023032,158.02981292135357,47.88787009690444,47.63366689206432,-1.9903083809496422,10
2024-01-21 11:00:00+02:00,NC,2024-01-21,173.89494646527814,172.271645596969,51.787401428041136,51.55681066805174,-1.623300868309144,11
2024-01-21 12:00:00+02:00,NC,2024-01-21,177.85936892580133,176.1364547167395,54.60260249589425,54.3351801393861,-1.7229142090618268,12
2024-01-21 13:00:00+02:00,NC,2024-01-21,180.04994386878232,178.22270395857794,56.87338934072376,56.565741153004694,-1.8272399102043835,13
2024-01-21 14:00:00+02:00,NC,2024-01-21,180.15936071530734,178.6941769904478,58.62561894174158,58.35933959163363,-1.4651837248595427,14
2024-01-21 15:00:00+02:00,NC,2024-01-21,182.70894949242785,181.50692741376974,60.533823651794606,60.29157088183263,-1.2020220786581035,15
2024-01-21 16:00:00+02:00,NC,2024-01-21,176.00305068091842,174.78551146937582,60.198088369347985,59.95174972778732,-1.2175392115426007,16
2024-01-21 17:00:00+02:00,NC,2024-01-21,175.5686089370657,175.60609267090769,60.74038497817115,60.748555913310014,0.03748373384198089,17
2024-01-21 18:00:00+02:00,NC,2024-01-21,166.91278538296186,166.91278538296186,58.82325975614698,58.82325975614698,0.0,18
2024-01-21 19:00:00+02:00,NC,2024-01-21,93.22192077382668,122.88961692396808,46.296940687565844,50.915984915426066,29.667696150141396,19
2024-01-21 20:00:00+02:00,NC,2024-01-21,0.0,0.0031190012469991648,31.11,31.110667895437924,0.0031190012469991648,20
2024-01-21 21:00:00+02:00,NC,2024-01-21,-0.0,-0.0,29.62,29.62,0.0,21
2024-01-21 22:00:00+02:00,NC,2024-01-21,0.0,0.0,28.59,28.59,0.0,22
2024-01-21 23:00:00+02:00,NC,2024-01-21,0.0,0.0,27.59,27.59,0.0,23
2024-02-16 00:00:00+02:00,NC,2024-02-16,0.0,0.0,17.48,17.48,0.0,0
2024-02-16 01:00:00+02:00,NC,2024-02-16,0.0,0.0,15.88,15.88,0.0,1
2024-02-16 02:00:00+02:00,NC,2024-02-16,0.0,0.0,14.83,14.83,0.0,2
2024-02-16 03:00:00+02:00,NC,2024-02-16,0.0,0.0,13.86,13.86,0.0,3
2024-02-16 04:00:00+02:00,NC,2024-02-16,0.0,0.0,12.95,12.95,0.0,4
2024-02-16 05:00:00+02:00,NC,2024-02-16,0.0,0.0,12.14,12.14,0.0,5
2024-02-16 06:00:00+02:00,NC,2024-02-16,0.0,0.0,11.42,11.42,0.0,6
2024-02-16 07:00:00+02:00,NC,2024-02-16,6.769065067298986,6.544591643575537,11.932150605727857,11.91450521350934,-0.22447342372344892,7
2024-02-16 08:00:00+02:00,NC,2024-02-16,91.67301931502993,91.67301931502993,20.29371270337649,20.29371270337649,0.0,8
2024-02-16 09:00:00+02:00,NC,2024-02-16,167.87725422680734,167.49497988817936,31.65912803449097,31.612343357426795,-0.38227433862797966,9
2024-02-16 10:00:00+02:00,NC,2024-02-16,190.81783981518456,185.84926445017805,38.07291808906463,37.342660763759625,-4.968575365006501,10
2024-02-16 11:00:00+02:00,NC,2024-02-16,197.74651962287513,192.26021445291482,41.32550637303703,40.48256452098289,-5.486305169960303,11
2024-02-16 12:00:00+02:00,NC,2024-02-16,201.60999874434467,195.58026066370095,42.837899437309176,41.95191548251739,-6.02973808064371,12
2024-02-16 13:00:00+02:00,NC,2024-02-16,204.32655331310124,197.76035220153616,44.41581339600776,43.46282124029268,-6.5662011115650785,13
2024-02-16 14:00:00+02:00,NC,2024-02-16,207.23903529265363,201.48366281083463,46.27766482538769,45.4091305697928,-5.755372481818995,14
2024-02-16 15:00:00+02:00,NC,2024-02-16,205.20396747939017,199.84775667703485,46.29998808640588,45.51890847487318,-5.356210802355321,15
2024-02-16 16:00:00+02:00,NC,2024-02-16,202.31447186087308,199.94483576578955,45.967255118611334,45.628210013079745,-2.3696360950835356,16
2024-02-16 17:00:00+02:00,NC,2024-02-16,198.13929256322314,198.13929256322314,45.22830386155566,45.22830386155566,0.0,17
2024-02-16 18:00:00+02:00,NC,2024-02-16,190.16919107980934,191.22641709707048,43.69574975152257,43.84358424274197,1.0572260172611436,18
2024-02-16 19:00:00+02:00,NC,2024-02-16,81.19102829533938,166.18504505658976,30.84388721923444,40.99924466859398,84.99401676125038,19
2024-02-16 20:00:00+02:00,NC,2024-02-16,0.0,0.0,19.45,19.45,0.0,20
2024-02-16 21:00:00+02:00,NC,2024-02-16,0.0,0.0,18.5,18.5,0.0,21
2024-02-16 22:00:00+02:00,NC,2024-02-16,0.0,0.0,17.81,17.81,0.0,22
2024-02-16 23:00:00+02:00,NC,2024-02-16,-0.0,-0.0,17.21,17.21,0.0,23
2024-03-09 00:00:00+02:00,NC,2024-03-09,0.0,0.0,21.81,21.81,0.0,0
2024-03-09 01:00:00+02:00,NC,2024-03-09,0.0,0.0,21.13,21.13,0.0,1
2024-03-09 02:00:00+02:00,NC,2024-03-09,0.0,0.0,20.45,20.45,0.0,2
2024-03-09 03:00:00+02:00,NC,2024-03-09,0.0,0.0,19.73,19.73,0.0,3
2024-03-09 04:00:00+02:00,NC,2024-03-09,0.0,0.0,19.01,19.01,0.0,4
2024-03-09 05:00:00+02:00,NC,2024-03-09,0.0,0.0,18.32,18.32,0.0,5
2024-03-09 06:00:00+02:00,NC,2024-03-09,0.0,0.0,17.7,17.7,0.0,6
2024-03-09 07:00:00+02:00,NC,2024-03-09,2.1716387370916572,2.163632778340155,17.819150073185018,17.81834429924309,-0.008005958751502007,7
2024-03-09 08:00:00+02:00,NC,2024-03-09,58.90293008580643,58.90293008580643,27.627551674470872,27.627551674470872,0.0,8
2024-03-09 09:00:00+02:00,NC,2024-03-09,135.76549539068918,135.63776134447704,42.75904877231033,42.73886856996572,-0.12773404621214013,9
2024-03-09 10:00:00+02:00,NC,2024-03-09,145.44222719685544,144.678231144766,60.26346358467649,60.02037264564602,-0.7639960520894533,10
2024-03-09 11:00:00+02:00,NC,2024-03-09,150.84339420278914,150.20276950776915,63.786232194911065,63.579638075162066,-0.6406246950199943,11
2024-03-09 12:00:00+02:00,NC,2024-03-09,158.75108698949077,157.88275380183603,61.60744344115708,61.393747599013786,-0.8683331876547413,12
2024-03-09 13:00:00+02:00,NC,2024-03-09,163.98252362258626,162.9092230139807,61.14992301607982,60.91847557081882,-1.0733006086055639,13
2024-03-09 14:00:00+02:00,NC,2024-03-09,169.9892187725785,169.17846906505855,61.13972494491078,60.977192878806335,-0.8107497075199603,14
2024-03-09 15:00:00+02:00,NC,2024-03-09,176.95183307290142,176.30001180219259,61.35469786461347,61.22764164624941,-0.6518212707088367,15
2024-03-09 16:00:00+02:00,NC,2024-03-09,184.52716040022116,183.92428971721571,61.71479891453548,61.595128816046994,-0.6028706830054489,16
2024-03-09 17:00:00+02:00,NC,2024-03-09,190.99594488873348,190.99594488873348,61.71113986639797,61.71113986639797,0.0,17
2024-03-09 18:00:00+02:00,NC,2024-03-09,163.8378470084474,179.60582904612954,55.575271993071865,58.28607331040725,15.767982037682145,18
2024-03-09 19:00:00+02:00,NC,2024-03-09,0.0,0.01408716351689053,31.74,31.742317691208008,0.01408716351689053,19
2024-03-09 20:00:00+02:00,NC,2024-03-09,0.0,0.0,28.46,28.46,0.0,20
2024-03-09 21:00:00+02:00,NC,2024-03-09,0.0,0.0,27.25,27.25,0.0,21
2024-03-09 22:00:00+02:00,NC,2024-03-09,0.0,0.0,26.22,26.22,0.0,22
2024-03-09 23:00:00+02:00,NC,2024-03-09,-0.0,-0.0,25.25,25.25,0.0,23
2024-03-12 00:00:00+02:00,NC,2024-03-12,0.0,0.0,27.42,27.42,0.0,0
2024-03-12 01:00:00+02:00,NC,2024-03-12,-0.0,-0.0,26.98,26.98,0.0,1
2024-03-12 02:00:00+02:00,NC,2024-03-12,0.0,0.0,26.84,26.84,0.0,2
2024-03-12 03:00:00+02:00,NC,2024-03-12,-0.0,-0.0,26.79,26.79,0.0,3
2024-03-12 04:00:00+02:00,NC,2024-03-12,0.0,0.0,25.61,25.61,0.0,4
2024-03-12 05:00:00+02:00,NC,2024-03-12,-0.0,-0.0,23.71,23.71,0.0,5
2024-03-12 06:00:00+02:00,NC,2024-03-12,0.0,0.0,22.27,22.27,0.0,6
2024-03-12 07:00:00+02:00,NC,2024-03-12,1.4480968652902642,1.4371000185727576,22.26583126889536,22.26441782455708,-0.010996846717506559,7
2024-03-12 08:00:00+02:00,NC,2024-03-12,37.7178726635351,37.7178726635351,29.458951645118475,29.458951645118475,0.0,8
2024-03-12 09:00:00+02:00,NC,2024-03-12,105.22816360185352,105.0215437510577,43.645806453335254,43.6087895498153,-0.20661985079581768,9
2024-03-12 10:00:00+02:00,NC,2024-03-12,132.28858287295267,130.69668381370474,55.70744753445488,55.32979880790222,-1.591899059247936,10
2024-03-12 11:00:00+02:00,NC,2024-03-12,135.6952861350168,134.41756382906854,61.83935401532564,61.490049611558035,-1.2777223059482594,11
2024-03-12 12:00:00+02:00,NC,2024-03-12,145.85992651126546,144.6598597705752,66.18705918386183,65.82539606295555,-1.2000667406902608,12
2024-03-12 13:00:00+02:00,NC,2024-03-12,151.46165613109292,150.02396780968496,65.5228068370705,65.14201772384021,-1.4376883214079612,13
2024-03-12 14:00:00+02:00,NC,2024-03-12,158.6416046373788,157.46621974238863,64.43336382723976,64.15974615921381,-1.1753848949901737,14
2024-03-12 15:00:00+02:00,NC,2024-03-12,167.16484069389602,166.1312247584299,63.51583072423935,63.29693381118171,-1.0336159354661163,15
2024-03-12 16:00:00+02:00,NC,2024-03-12,175.537281267019,174.93673007389762,62.51099808341047,62.39213087242928,-0.6005511931213903,16
2024-03-12 17:00:00+02:00,NC,2024-03-12,174.9971932344119,174.9971932344119,59.89990275457497,59.89990275457497,0.0,17
2024-03-12 18:00:00+02:00,NC,2024-03-12,137.01577863252757,156.97090596279162,52.343369663850666,55.113551843421845,19.955127330264048,18
2024-03-12 19:00:00+02:00,NC,2024-03-12,0.0,0.012968803631150803,33.59,33.59215840943932,0.012968803631150803,19
2024-03-12 20:00:00+02:00,NC,2024-03-12,0.0,0.0,30.58,30.58,0.0,20
2024-03-12 21:00:00+02:00,NC,2024-03-12,0.0,0.0,29.61,29.61,0.0,21
2024-03-12 22:00:00+02:00,NC,2024-03-12,0.0,0.0,28.63,28.63,0.0,22
2024-03-12 23:00:00+02:00,NC,2024-03-12,0.0,0.0,26.73,26.73,0.0,23
2024-03-21 00:00:00+02:00,NC,2024-03-21,-0.0,-0.0,25.05,25.05,0.0,0
2024-03-21 01:00:00+02:00,NC,2024-03-21,0.0,0.0,24.54,24.54,0.0,1
2024-03-21 02:00:00+02:00,NC,2024-03-21,0.0,0.0,24.16,24.16,0.0,2
2024-03-21 03:00:00+02:00,NC,2024-03-21,-0.0,-0.0,23.74,23.74,0.0,3
2024-03-21 04:00:00+02:00,NC,2024-03-21,0.0,0.0,23.29,23.29,0.0,4
2024-03-21 05:00:00+02:00,NC,2024-03-21,0.0,0.0,22.9,22.9,0.0,5
2024-03-21 06:00:00+02:00,NC,2024-03-21,0.0,0.0,22.65,22.65,0.0,6
2024-03-21 07:00:00+02:00,NC,2024-03-21,0.608361006786533,0.6071166424016121,22.682719671388742,22.682520807524586,-0.0012443643849209263,7
2024-03-21 08:00:00+02:00,NC,2024-03-21,19.322788116103133,19.16898074089708,25.928895030462662,25.907147566284255,-0.15380737520605336,8
2024-03-21 09:00:00+02:00,NC,2024-03-21,61.18533741507802,61.00831085608965,32.86678126123853,32.84061622639152,-0.1770265589883664,9
2024-03-21 10:00:00+02:00,NC,2024-03-21,106.95901474580313,105.96559558777915,42.58097917312264,42.403556282631364,-0.9934191580239826,10
2024-03-21 11:00:00+02:00,NC,2024-03-21,126.71848118698527,126.13945120767158,48.198929250869604,48.08746804102836,-0.5790299793136882,11
2024-03-21 12:00:00+02:00,NC,2024-03-21,127.04986937146205,126.6061637929829,47.13337404256335,47.06160104702444,-0.44370557847915393,12
2024-03-21 13:00:00+02:00,NC,2024-03-21,126.3027779282099,125.95648790161032,46.84490627610113,46.79312026582417,-0.34629002659958985,13
2024-03-21 14:00:00+02:00,NC,2024-03-21,123.95839301955036,123.36378718890384,46.726882891850835,46.63897571107805,-0.5946058306465147,14
2024-03-21 15:00:00+02:00,NC,2024-03-21,121.57751843282166,120.89374273349658,47.57247792451036,47.461110625089916,-0.6837756993250821,15
2024-03-21 16:00:00+02:00,NC,2024-03-21,102.16849104758025,101.29783198885293,46.979525840327696,46.821014672868955,-0.8706590587273126,16
2024-03-21 17:00:00+02:00,NC,2024-03-21,94.31347705623268,94.31347705623268,48.99022779222075,48.99022779222075,0.0,17
2024-03-21 18:00:00+02:00,NC,2024-03-21,64.14760064727595,70.65056756849192,42.094582876897185,43.36624869765487,6.502966921215972,18
2024-03-21 19:00:00+02:00,NC,2024-03-21,0.0,0.0008436092096586176,28.33,28.330204532279538,0.0008436092096586176,19
2024-03-21 20:00:00+02:00,NC,2024-03-21,0.0,0.0,26.62,26.62,0.0,20
2024-03-21 21:00:00+02:00,NC,2024-03-21,0.0,0.0,25.28,25.28,0.0,21
2024-03-21 22:00:00+02:00,NC,2024-03-21,0.0,0.0,24.23,24.23,0.0,22
2024-03-21 23:00:00+02:00,NC,2024-03-21,0.0,0.0,23.64,23.64,0.0,23
2024-03-29 00:00:00+02:00,NC,2024-03-29,0.0,0.0,20.14,20.14,0.0,0
2024-03-29 01:00:00+02:00,NC,2024-03-29,-0.0,-0.0,19.69,19.69,0.0,1
2024-03-29 02:00:00+02:00,NC,2024-03-29,-0.0,-0.0,19.29,19.29,0.0,2
2024-03-29 03:00:00+02:00,NC,2024-03-29,0.0,0.0,18.9,18.9,0.0,3
2024-03-29 04:00:00+02:00,NC,2024-03-29,0.0,0.0,18.57,18.57,0.0,4
2024-03-29 05:00:00+02:00,NC,2024-03-29,0.0,0.0,18.25,18.25,0.0,5
2024-03-29 06:00:00+02:00,NC,2024-03-29,0.0,0.0,17.86,17.86,0.0,6
2024-03-29 07:00:00+02:00,NC,2024-03-29,0.0,0.0,17.39,17.39,0.0,7
2024-03-29 08:00:00+02:00,NC,2024-03-29,38.5329576648599,38.17938596923144,24.028973939863036,23.995333569924156,-0.35357169562846025,8
2024-03-29 09:00:00+02:00,NC,2024-03-29,119.11954356428323,119.11954356428323,35.930164993764706,35.930164993764706,0.0,9
2024-03-29 10:00:00+02:00,NC,2024-03-29,148.17632705618558,145.08404106225288,45.90526739795645,45.391947702090434,-3.0922859939327054,10
2024-03-29 11:00:00+02:00,NC,2024-03-29,156.18037250055508,152.54399635532647,49.35093948507743,48.69121646827274,-3.63637614522861,11
2024-03-29 12:00:00+02:00,NC,2024-03-29,158.58337629642236,154.62805387985742,51.308537813279074,50.566321252791305,-3.9553224165649397,12
2024-03-29 13:00:00+02:00,NC,2024-03-29,161.05933094156438,156.9735694578642,53.176953897578734,52.37849395827082,-4.085761483700196,13
2024-03-29 14:00:00+02:00,NC,2024-03-29,166.43553119840323,162.7853190637603,54.41730159918555,53.69362605519891,-3.6502121346429135,14
2024-03-29 15:00:00+02:00,NC,2024-03-29,174.71936343324697,171.31935789970015,55.262559533335306,54.585739872458575,-3.4000055335468176,15
2024-03-29 16:00:00+02:00,NC,2024-03-29,183.50798569399547,183.43708248367332,55.70066135235032,55.686199909987465,-0.0709032103221432,16
2024-03-29 17:00:00+02:00,NC,2024-03-29,192.82285478358784,192.82285478358784,55.892111726584815,55.892111726584815,0.0,17
2024-03-29 18:00:00+02:00,NC,2024-03-29,124.93438867164693,177.0016290393771,43.760036248421784,51.8030017738611,52.067240367730165,18
2024-03-29 19:00:00+02:00,NC,2024-03-29,0.0,0.013005011362985151,25.64,25.642114560495266,0.013005011362985151,19
2024-03-29 20:00:00+02:00,NC,2024-03-29,0.0,0.0,23.8,23.8,0.0,20
2024-03-29 21:00:00+02:00,NC,2024-03-29,0.0,0.0,22.83,22.83,0.0,21
2024-03-29 22:00:00+02:00,NC,2024-03-29,0.0,0.0,21.97,21.97,0.0,22
2024-03-29 23:00:00+02:00,NC,2024-03-29,-0.0,-0.0,21.2,21.2,0.0,23
2024-08-29 00:00:00+02:00,NC,2024-08-29,0.0,0.0,5.28,5.28,0.0,0
2024-08-29 01:00:00+02:00,NC,2024-08-29,0.0,0.0,4.36,4.36,0.0,1
2024-08-29 02:00:00+02:00,NC,2024-08-29,0.0,0.0,3.58,3.58,0.0,2
2024-08-29 03:00:00+02:00,NC,2024-08-29,-0.0,-0.0,2.84,2.84,0.0,3
2024-08-29 04:00:00+02:00,NC,2024-08-29,0.0,0.0,2.15,2.15,0.0,4
2024-08-29 05:00:00+02:00,NC,2024-08-29,0.0,0.0,1.52,1.52,0.0,5
2024-08-29 06:00:00+02:00,NC,2024-08-29,-0.0,-0.0,0.97,0.97,0.0,6
2024-08-29 07:00:00+02:00,NC,2024-08-29,0.0,0.0,0.5,0.5,0.0,7
2024-08-29 08:00:00+02:00,NC,2024-08-29,32.36793040863031,31.871546329714306,3.514890052532098,3.482561484450473,-0.49638407891600167,8
2024-08-29 09:00:00+02:00,NC,2024-08-29,143.70960567054945,143.70960567054945,14.04763689120027,14.04763689120027,0.0,9
2024-08-29 10:00:00+02:00,NC,2024-08-29,181.41004924381588,178.85311938056466,20.63879208961935,20.442179976773687,-2.556929863251213,10
2024-08-29 11:00:00+02:00,NC,2024-08-29,186.2226458733195,177.83439520951293,25.28908380485473,24.546170386286224,-8.38825066380656,11
2024-08-29 12:00:00+02:00,NC,2024-08-29,185.57359646261105,176.31710236652222,28.93358515873132,28.020362293080602,-9.25649409608883,12
2024-08-29 13:00:00+02:00,NC,2024-08-29,187.37073810662702,177.92083254023467,32.37428946347781,31.34406817895057,-9.449905566392346,13
2024-08-29 14:00:00+02:00,NC,2024-08-29,193.4849768108852,185.2631186873136,35.74615888026236,34.74305415459909,-8.221858123571593,14
2024-08-29 15:00:00+02:00,NC,2024-08-29,202.8381775110859,198.80917756401232,38.83151341747649,38.274025445302755,-4.028999947073572,15
2024-08-29 16:00:00+02:00,NC,2024-08-29,215.47384361855242,215.59947620213748,41.239044536597646,41.258605857873555,0.1256325835850589,16
2024-08-29 17:00:00+02:00,NC,2024-08-29,210.38596148297546,210.38596148297546,39.558295805239354,39.558295805239354,0.0,17
2024-08-29 18:00:00+02:00,NC,2024-08-29,82.84881992018369,185.90309751272378,24.010527434703697,35.8953931235275,103.05427759254009,18
2024-08-29 19:00:00+02:00,NC,2024-08-29,0.0,0.0,11.17,11.17,0.0,19
2024-08-29 20:00:00+02:00,NC,2024-08-29,0.0,0.0,10.08,10.08,0.0,20
2024-08-29 21:00:00+02:00,NC,2024-08-29,0.0,0.0,9.39,9.39,0.0,21
2024-08-29 22:00:00+02:00,NC,2024-08-29,-0.0,-0.0,8.47,8.47,0.0,22
2024-08-29 23:00:00+02:00,NC,2024-08-29,0.0,0.0,7.4,7.4,0.0,23
2024-10-11 00:00:00+02:00,NC,2024-10-11,0.0,0.0,24.73,24.73,0.0,0
2024-10-11 01:00:00+02:00,NC,2024-10-11,0.0,0.0,23.22,23.22,0.0,1
2024-10-11 02:00:00+02:00,NC,2024-10-11,0.0,0.0,22.14,22.14,0.0,2
2024-10-11 03:00:00+02:00,NC,2024-10-11,-0.0,-0.0,21.07,21.07,0.0,3
2024-10-11 04:00:00+02:00,NC,2024-10-11,0.0,0.0,20.21,20.21,0.0,4
2024-10-11 05:00:00+02:00,NC,2024-10-11,0.0,0.0,20.01,20.01,0.0,5
2024-10-11 06:00:00+02:00,NC,2024-10-11,-0.0,-0.0,20.08,20.08,0.0,6
2024-10-11 07:00:00+02:00,NC,2024-10-11,13.032427064099782,12.66734003590706,20.973695531288044,20.932426205949373,-0.3650870281927219,7
2024-10-11 08:00:00+02:00,NC,2024-10-11,87.7324507014974,87.7324507014974,32.02158387008264,32.02158387008264,0.0,8
2024-10-11 09:00:00+02:00,NC,2024-10-11,143.72820199339387,142.43234158641133,42.26617718419077,42.08896643895564,-1.2958604069825412,9
2024-10-11 10:00:00+02:00,NC,2024-10-11,161.0508683692949,159.5178513799535,50.742609880851504,50.48793000079719,-1.5330169893414052,10
2024-10-11 11:00:00+02:00,NC,2024-10-11,161.1049474529356,159.38924190877492,53.08954506881889,52.827863593979274,-1.7157055441606701,11
2024-10-11 12:00:00+02:00,NC,2024-10-11,161.8597320030953,159.79921412303554,53.80318541459134,53.52073735775531,-2.0605178800597628,12
2024-10-11 13:00:00+02:00,NC,2024-10-11,156.51555904546154,154.54690076852134,53.79234607745205,53.54339757865255,-1.9686582769402037,13
2024-10-11 14:00:00+02:00,NC,2024-10-11,170.1148338038427,168.53503519342325,56.35462946902335,56.13618712439671,-1.5797986104194592,14
2024-10-11 15:00:00+02:00,NC,2024-10-11,166.21651435220375,164.74855456375218,56.527722755637164,56.32275835356891,-1.4679597884515658,15
2024-10-11 16:00:00+02:00,NC,2024-10-11,170.0317503813005,169.95603704886327,57.5586347365522,57.547108680377335,-0.07571333243723188,16
2024-10-11 17:00:00+02:00,NC,2024-10-11,171.1036224558466,171.1036224558466,57.991276239003945,57.991276239003945,0.0,17
2024-10-11 18:00:00+02:00,NC,2024-10-11,109.19684455312739,138.43625764236887,49.27928830015706,53.26942597948786,29.23941308924148,18
2024-10-11 19:00:00+02:00,NC,2024-10-11,0.0,0.007999902744376107,32.85,32.85151408261114,0.007999902744376107,19
2024-10-11 20:00:00+02:00,NC,2024-10-11,0.0,0.0,30.86,30.86,0.0,20
2024-10-11 21:00:00+02:00,NC,2024-10-11,0.0,0.0,30.64,30.64,0.0,21
2024-10-11 22:00:00+02:00,NC,2024-10-11,0.0,0.0,30.07,30.07,0.0,22
2024-10-11 23:00:00+02:00,NC,2024-10-11,0.0,0.0,28.78,28.78,0.0,23
2024-10-18 00:00:00+02:00,NC,2024-10-18,-0.0,-0.0,17.29,17.29,0.0,0
2024-10-18 01:00:00+02:00,NC,2024-10-18,-0.0,-0.0,16.65,16.65,0.0,1
2024-10-18 02:00:00+02:00,NC,2024-10-18,0.0,0.0,15.53,15.53,0.0,2
2024-10-18 03:00:00+02:00,NC,2024-10-18,0.0,0.0,14.29,14.29,0.0,3
2024-10-18 04:00:00+02:00,NC,2024-10-18,0.0,0.0,13.13,13.13,0.0,4
2024-10-18 05:00:00+02:00,NC,2024-10-18,0.0,0.0,12.11,12.11,0.0,5
2024-10-18 06:00:00+02:00,NC,2024-10-18,0.0,0.0,11.27,11.27,0.0,6
2024-10-18 07:00:00+02:00,NC,2024-10-18,21.104357035546542,20.55302397996615,13.193496200280467,13.14201392988496,-0.5513330555803932,7
2024-10-18 08:00:00+02:00,NC,2024-10-18,117.06673260491286,117.06673260491286,23.96711857739551,23.96711857739551,0.0,8
2024-10-18 09:00:00+02:00,NC,2024-10-18,170.19445195973427,168.61809137755412,34.586670114742894,34.36645726467418,-1.5763605821801434,9
2024-10-18 10:00:00+02:00,NC,2024-10-18,184.1384676228098,182.39154513240123,40.82948348658887,40.55325083632498,-1.746922490408565,10
2024-10-18 11:00:00+02:00,NC,2024-10-18,188.38311209778726,186.44170392836494,43.759493547679654,43.44854468087342,-1.941408169422317,11
2024-10-18 12:00:00+02:00,NC,2024-10-18,191.34719757845642,188.982598018303,45.36053708581282,45.003759299342505,-2.364599560153408,12
2024-10-18 13:00:00+02:00,NC,2024-10-18,195.3847903431193,193.12054043800623,46.261494627912775,45.94216240897623,-2.2642499051130756,13
2024-10-18 14:00:00+02:00,NC,2024-10-18,199.95109992511215,197.99831671756675,47.13487060279138,46.864769623657736,-1.9527832075453944,14
2024-10-18 15:00:00+02:00,NC,2024-10-18,205.0610100143815,203.42309865035216,47.96519346750655,47.73605035056605,-1.6379113640293497,15
2024-10-18 16:00:00+02:00,NC,2024-10-18,198.76654898097317,198.6222502291209,46.77707698574815,46.75817374428728,-0.14429875185226138,16
2024-10-18 17:00:00+02:00,NC,2024-10-18,214.47139183710402,214.47139183710402,48.244088342640865,48.244088342640865,0.0,17
2024-10-18 18:00:00+02:00,NC,2024-10-18,150.11950763026377,183.72825887246628,39.670106812901295,43.34627194077916,33.608751242202516,18
2024-10-18 19:00:00+02:00,NC,2024-10-18,0.0,0.013506652889647764,24.65,24.651807061168807,0.013506652889647764,19
2024-10-18 20:00:00+02:00,NC,2024-10-18,0.0,0.0,20.92,20.92,0.0,20
2024-10-18 21:00:00+02:00,NC,2024-10-18,0.0,0.0,19.82,19.82,0.0,21
2024-10-18 22:00:00+02:00,NC,2024-10-18,0.0,0.0,18.78,18.78,0.0,22
2024-10-18 23:00:00+02:00,NC,2024-10-18,0.0,0.0,17.73,17.73,0.0,23
2024-11-30 00:00:00+02:00,NC,2024-11-30,-0.0,-0.0,21.03,21.03,0.0,0
2024-11-30 01:00:00+02:00,NC,2024-11-30,-0.0,-0.0,20.1,20.1,0.0,1
2024-11-30 02:00:00+02:00,NC,2024-11-30,0.0,0.0,19.24,19.24,0.0,2
2024-11-30 03:00:00+02:00,NC,2024-11-30,0.0,0.0,18.46,18.46,0.0,3
2024-11-30 04:00:00+02:00,NC,2024-11-30,0.0,0.0,17.76,17.76,0.0,4
2024-11-30 05:00:00+02:00,NC,2024-11-30,0.0,0.0,17.15,17.15,0.0,5
2024-11-30 06:00:00+02:00,NC,2024-11-30,2.351034545426684,2.2928222196343007,16.789457283691082,16.78379515933883,-0.058212325792383446,6
2024-11-30 07:00:00+02:00,NC,2024-11-30,56.85601600125534,56.85601600125534,24.746635116872376,24.746635116872376,0.0,7
2024-11-30 08:00:00+02:00,NC,2024-11-30,141.12058038423396,141.0799143298251,37.31978396387273,37.314839652835154,-0.04066605440885951,8
2024-11-30 09:00:00+02:00,NC,2024-11-30,163.8187402628466,161.6484339005081,51.371283362437936,50.92400662599722,-2.1703063623384935,9
2024-11-30 10:00:00+02:00,NC,2024-11-30,162.12668785633838,157.71231207208356,63.160162739153606,61.63968606582315,-4.4143757842548155,10
2024-11-30 11:00:00+02:00,NC,2024-11-30,163.82494383725805,159.49300191582248,66.86988663015424,65.18849158671884,-4.331941921435572,11
2024-11-30 12:00:00+02:00,NC,2024-11-30,171.49156195512654,166.20498513138435,65.14649582666445,63.457954066731574,-5.286576823742195,12
2024-11-30 13:00:00+02:00,NC,2024-11-30,178.64911695557265,173.05958341371803,63.607934955790974,62.106961283397325,-5.589533541854621,13
2024-11-30 14:00:00+02:00,NC,2024-11-30,184.6054089056888,179.35129162169943,62.76491299093283,61.50259566473204,-5.254117283989359,14
2024-11-30 15:00:00+02:00,NC,2024-11-30,189.86006333453406,184.76237273134808,62.28095532398866,61.138216242704445,-5.097690603185981,15
2024-11-30 16:00:00+02:00,NC,2024-11-30,191.54436848794094,190.48948288620196,60.99234710248321,60.77078896907974,-1.054885601738988,16
2024-11-30 17:00:00+02:00,NC,2024-11-30,190.72600851175142,190.72600851175142,59.240665515607446,59.240665515607446,0.0,17
2024-11-30 18:00:00+02:00,NC,2024-11-30,178.53068168082515,184.66175307524605,55.549545939454674,56.58802653913963,6.1310713944209,18
2024-11-30 19:00:00+02:00,NC,2024-11-30,71.958133280014,163.80945915672257,41.01891884400111,52.8844017670338,91.85132587670857,19
2024-11-30 20:00:00+02:00,NC,2024-11-30,0.0,0.0,28.41,28.41,0.0,20
2024-11-30 21:00:00+02:00,NC,2024-11-30,0.0,0.0,26.35,26.35,0.0,21
2024-11-30 22:00:00+02:00,NC,2024-11-30,0.0,0.0,25.08,25.08,0.0,22
2024-11-30 23:00:00+02:00,NC,2024-11-30,0.0,0.0,24.0,24.0,0.0,23
2024-12-17 00:00:00+02:00,NC,2024-12-17,0.0,0.0,21.55,21.55,0.0,0
2024-12-17 01:00:00+02:00,NC,2024-12-17,-0.0,-0.0,20.1,20.1,0.0,1
2024-12-17 02:00:00+02:00,NC,2024-12-17,0.0,0.0,18.52,18.52,0.0,2
2024-12-17 03:00:00+02:00,NC,2024-12-17,0.0,0.0,17.23,17.23,0.0,3
2024-12-17 04:00:00+02:00,NC,2024-12-17,0.0,0.0,16.12,16.12,0.0,4
2024-12-17 05:00:00+02:00,NC,2024-12-17,0.0,0.0,15.04,15.04,0.0,5
2024-12-17 06:00:00+02:00,NC,2024-12-17,1.6545697220473021,1.624680396908948,14.376567988773445,14.373524877426442,-0.029889325138354073,6
2024-12-17 07:00:00+02:00,NC,2024-12-17,47.43466437441727,47.43466437441727,19.101602912822315,19.101602912822315,0.0,7
2024-12-17 08:00:00+02:00,NC,2024-12-17,138.94669584013766,138.94669584013766,30.482685918426117,30.482685918426117,0.0,8
2024-12-17 09:00:00+02:00,NC,2024-12-17,173.65218178576805,171.29981735859502,41.37603442108611,41.00890631154911,-2.352364427173029,9
2024-12-17 10:00:00+02:00,NC,2024-12-17,171.46519967210529,167.93980864604072,55.76115409400963,54.75326270183705,-3.5253910260645682,10
2024-12-17 11:00:00+02:00,NC,2024-12-17,167.41579761063824,164.29174605080664,63.919548908172644,62.710655391550006,-3.1240515598315994,11
2024-12-17 12:00:00+02:00,NC,2024-12-17,179.17436188310882,174.9871901155232,59.79019813724271,58.690093503569955,-4.187171767585625,12
2024-12-17 13:00:00+02:00,NC,2024-12-17,187.70838131037817,183.04023539948628,57.572827818372915,56.61955153887962,-4.668145910891894,13
2024-12-17 14:00:00+02:00,NC,2024-12-17,193.5015939563445,189.2071269418337,56.65691182017868,55.892440868287224,-4.294467014510786,14
2024-12-17 15:00:00+02:00,NC,2024-12-17,198.4077839954422,194.34601229521934,56.16659684870194,55.50006620075867,-4.061771700222863,15
2024-12-17 16:00:00+02:00,NC,2024-12-17,202.04828347382502,200.02199908025537,55.509803762758224,55.19294984424081,-2.0262843935696537,16
2024-12-17 17:00:00+02:00,NC,2024-12-17,204.3204834591478,204.38753097306534,54.68838645556882,54.69867226041637,0.06704751391754371,17
2024-12-17 18:00:00+02:00,NC,2024-12-17,203.44419074214872,203.44419074214872,52.94481181304969,52.94481181304969,0.0,18
2024-12-17 19:00:00+02:00,NC,2024-12-17,104.14152588554323,169.20142836059995,40.429529244693,47.043094524997045,65.05990247505672,19
2024-12-17 20:00:00+02:00,NC,2024-12-17,0.0,0.008051161849281566,28.1,28.1011922587803,0.008051161849281566,20
2024-12-17 21:00:00+02:00,NC,2024-12-17,-0.0,-0.0,25.86,25.86,0.0,21
2024-12-17 22:00:00+02:00,NC,2024-12-17,0.0,0.0,24.71,24.71,0.0,22
2024-12-17 23:00:00+02:00,NC,2024-12-17,0.0,0.0,23.7,23.7,0.0,23
2024-01-30 00:00:00+02:00,WC,2024-01-30,0.0,0.0,17.89,17.89,0.0,0
2024-01-30 01:00:00+02:00,WC,2024-01-30,0.0,0.0,17.76,17.76,0.0,1
2024-01-30 02:00:00+02:00,WC,2024-01-30,0.0,0.0,17.58,17.58,0.0,2
2024-01-30 03:00:00+02:00,WC,2024-01-30,0.0,0.0,17.15,17.15,0.0,3
2024-01-30 04:00:00+02:00,WC,2024-01-30,0.0,0.0,16.91,16.91,0.0,4
2024-01-30 05:00:00+02:00,WC,2024-01-30,-0.0,-0.0,16.73,16.73,0.0,5
2024-01-30 06:00:00+02:00,WC,2024-01-30,0.0,0.0,16.62,16.62,0.0,6
2024-01-30 07:00:00+02:00,WC,2024-01-30,7.963216231842279,7.754114018220628,18.37620876160638,18.349147578495078,-0.2091022136216507,7
2024-01-30 08:00:00+02:00,WC,2024-01-30,63.19820178717999,63.19820178717999,27.272099234523722,27.272099234523722,0.0,8
2024-01-30 09:00:00+02:00,WC,2024-01-30,123.24449259453304,122.3975300122228,38.674479020586496,38.521779118425115,-0.8469625823102405,9
2024-01-30 10:00:00+02:00,WC,2024-01-30,153.62505306618155,151.88768597416424,46.48485736318452,46.1079017193011,-1.7373670920173083,10
2024-01-30 11:00:00+02:00,WC,2024-01-30,162.35194707589417,160.8868217501812,49.77232929818416,49.43689794940185,-1.465125325712961,11
2024-01-30 12:00:00+02:00,WC,2024-01-30,166.49237278200295,165.15014387643436,52.37118399087272,52.045941717980604,-1.3422289055685894,12
2024-01-30 13:00:00+02:00,WC,2024-01-30,170.80603312271202,169.3678358703282,54.35141982565111,53.9875841821706,-1.4381972523838158,13
2024-01-30 14:00:00+02:00,WC,2024-01-30,176.60071645495114,175.3125933252502,54.42114006662888,54.10978373167768,-1.2881231297009492,14
2024-01-30 15:00:00+02:00,WC,2024-01-30,176.30479665074265,175.05558596332745,52.384979465606435,52.11987305113112,-1.2492106874152,15
2024-01-30 16:00:00+02:00,WC,2024-01-30,183.8738071667402,182.66437895397183,51.65571185297771,51.41305362717863,-1.2094282127683584,16
2024-01-30 17:00:00+02:00,WC,2024-01-30,173.32590771497553,173.1078870341814,46.67990519920645,46.64534929459394,-0.21802068079412606,17
2024-01-30 18:00:00+02:00,WC,2024-01-30,191.27528548514692,191.27528548514692,46.25921301419085,46.25921301419085,0.0,18
2024-01-30 19:00:00+02:00,WC,2024-01-30,137.44952705560686,162.11784796123106,36.42498457282398,39.07675853089305,24.6683209056242,19
2024-01-30 20:00:00+02:00,WC,2024-01-30,-0.0,0.008399257967608546,22.38,22.38099593920791,0.008399257967608546,20
2024-01-30 21:00:00+02:00,WC,2024-01-30,-0.0,-0.0,20.89,20.89,0.0,21
2024-01-30 22:00:00+02:00,WC,2024-01-30,0.0,0.0,20.24,20.24,0.0,22
2024-01-30 23:00:00+02:00,WC,2024-01-30,-0.0,-0.0,19.93,19.93,0.0,23
2024-02-03 00:00:00+02:00,WC,2024-02-03,0.0,0.0,22.24,22.24,0.0,0
2024-02-03 01:00:00+02:00,WC,2024-02-03,-0.0,-0.0,21.86,21.86,0.0,1
2024-02-03 02:00:00+02:00,WC,2024-02-03,-0.0,-0.0,21.57,21.57,0.0,2
2024-02-03 03:00:00+02:00,WC,2024-02-03,0.0,0.0,21.37,21.37,0.0,3
2024-02-03 04:00:00+02:00,WC,2024-02-03,0.0,0.0,21.29,21.29,0.0,4
2024-02-03 05:00:00+02:00,WC,2024-02-03,0.0,0.0,21.21,21.21,0.0,5
2024-02-03 06:00:00+02:00,WC,2024-02-03,0.0,0.0,21.13,21.13,0.0,6
2024-02-03 07:00:00+02:00,WC,2024-02-03,6.095967605607761,5.937126547606078,22.438707661093655,22.424984244222664,-0.15884105800168324,7
2024-02-03 08:00:00+02:00,WC,2024-02-03,50.27362765687202,50.27362765687202,27.902207999259552,27.902207999259552,0.0,8
2024-02-03 09:00:00+02:00,WC,2024-02-03,110.32042503383875,109.47210474202441,37.318689827242814,37.223654244682635,-0.848320291814332,9
2024-02-03 10:00:00+02:00,WC,2024-02-03,141.18256214204501,138.78613624124998,46.369094983602196,45.97938166786078,-2.3964259007950375,10
2024-02-03 11:00:00+02:00,WC,2024-02-03,149.13422573594468,147.22380956206476,51.72275629020716,51.33133930414076,-1.9104161738799235,11
2024-02-03 12:00:00+02:00,WC,2024-02-03,138.93394525252643,137.20915616655972,54.769521047964396,54.36088669101852,-1.7247890859667052,12
2024-02-03 13:00:00+02:00,WC,2024-02-03,124.0485440833674,122.9197109272377,54.196628187424935,53.935213122761716,-1.1288331561297014,13
2024-02-03 14:00:00+02:00,WC,2024-02-03,127.58636497809506,125.72750505856759,53.41552563448822,53.02553701379502,-1.8588599195274753,14
2024-02-03 15:00:00+02:00,WC,2024-02-03,144.57641182309033,142.68707707892045,53.338699113394156,52.95701833143008,-1.8893347441698722,15
2024-02-03 16:00:00+02:00,WC,2024-02-03,159.5253370414625,157.7920781522465,52.34913452164987,52.01744805372889,-1.7332588892160175,16
2024-02-03 17:00:00+02:00,WC,2024-02-03,168.76292085345753,168.61792241172392,49.39854304026551,49.374705009328096,-0.14499844173360543,17
2024-02-03 18:00:00+02:00,WC,2024-02-03,174.29447587007044,174.29447587007044,46.30337206705099,46.30337206705099,0.0,18
2024-02-03 19:00:00+02:00,WC,2024-02-03,115.38775209727146,141.1115493022634,37.225797291726415,39.839405465371065,25.72379720499194,19
2024-02-03 20:00:00+02:00,WC,2024-02-03,-0.0,0.007162493921391483,26.01,26.010901771541917,0.007162493921391483,20
2024-02-03 21:00:00+02:00,WC,2024-02-03,-0.0,-0.0,24.98,24.98,0.0,21
2024-02-03 22:00:00+02:00,WC,2024-02-03,-0.0,-0.0,24.25,24.25,0.0,22
2024-02-03 23:00:00+02:00,WC,2024-02-03,0.0,0.0,23.53,23.53,0.0,23
2024-03-02 00:00:00+02:00,WC,2024-03-02,0.0,0.0,17.31,17.31,0.0,0
2024-03-02 01:00:00+02:00,WC,2024-03-02,0.0,0.0,17.12,17.12,0.0,1
2024-03-02 02:00:00+02:00,WC,2024-03-02,0.0,0.0,17.05,17.05,0.0,2
2024-03-02 03:00:00+02:00,WC,2024-03-02,0.0,0.0,16.89,16.89,0.0,3
2024-03-02 04:00:00+02:00,WC,2024-03-02,0.0,0.0,16.71,16.71,0.0,4
2024-03-02 05:00:00+02:00,WC,2024-03-02,-0.0,-0.0,16.5,16.5,0.0,5
2024-03-02 06:00:00+02:00,WC,2024-03-02,-0.0,-0.0,16.22,16.22,0.0,6
2024-03-02 07:00:00+02:00,WC,2024-03-02,1.1477159375452628,1.1075459367518792,16.349865227444415,16.345537484728045,-0.04017000079338362,7
2024-03-02 08:00:00+02:00,WC,2024-03-02,37.33399399243591,37.02531779797216,21.284022855018897,21.25719484456938,-0.30867619446375016,8
2024-03-02 09:00:00+02:00,WC,2024-03-02,121.1199520487211,121.1199520487211,29.868993172288054,29.868993172288054,0.0,9
2024-03-02 10:00:00+02:00,WC,2024-03-02,162.95115275875682,159.48242031533098,35.315497352921604,34.949836121194735,-3.4687324434258358,10
2024-03-02 11:00:00+02:00,WC,2024-03-02,177.29256356051536,168.5546786364736,37.640085760275596,36.73115282292635,-8.737884924041765,11
2024-03-02 12:00:00+02:00,WC,2024-03-02,183.1104075682128,174.22860069940057,38.55991703649568,37.683969549623264,-8.88180686881222,12
2024-03-02 13:00:00+02:00,WC,2024-03-02,187.11013287734656,177.54241628001003,38.907098454111974,38.024160995175855,-9.567716597336528,13
2024-03-02 14:00:00+02:00,WC,2024-03-02,193.872342847533,184.6029463720903,38.9787422182443,38.171064376668916,-9.269396475442704,14
2024-03-02 15:00:00+02:00,WC,2024-03-02,202.88967689083282,193.62934872234524,38.69996855191836,37.93080865464818,-9.260328168487575,15
2024-03-02 16:00:00+02:00,WC,2024-03-02,215.1118828320828,212.61572018443914,38.35947242732423,38.15365064993489,-2.496162647643672,16
2024-03-02 17:00:00+02:00,WC,2024-03-02,226.00791968704775,226.00791968704775,37.43484299457882,37.43484299457882,0.0,17
2024-03-02 18:00:00+02:00,WC,2024-03-02,227.09497144716136,237.0477603660388,34.7360477917669,35.489460478433315,9.952788918877445,18
2024-03-02 19:00:00+02:00,WC,2024-03-02,107.69528556996033,244.7241312274214,25.028201310327756,33.29079617391584,137.02884565746106,19
2024-03-02 20:00:00+02:00,WC,2024-03-02,-0.0,-0.0,18.58,18.58,0.0,20
2024-03-02 21:00:00+02:00,WC,2024-03-02,0.0,0.0,18.08,18.08,0.0,21
2024-03-02 22:00:00+02:00,WC,2024-03-02,0.0,0.0,17.96,17.96,0.0,22
2024-03-02 23:00:00+02:00,WC,2024-03-02,0.0,0.0,17.65,17.65,0.0,23
2024-03-21 00:00:00+02:00,WC,2024-03-21,0.0,0.0,20.7,20.7,0.0,0
2024-03-21 01:00:00+02:00,WC,2024-03-21,-0.0,-0.0,20.1,20.1,0.0,1
2024-03-21 02:00:00+02:00,WC,2024-03-21,-0.0,-0.0,19.56,19.56,0.0,2
2024-03-21 03:00:00+02:00,WC,2024-03-21,0.0,0.0,19.17,19.17,0.0,3
2024-03-21 04:00:00+02:00,WC,2024-03-21,0.0,0.0,19.15,19.15,0.0,4
2024-03-21 05:00:00+02:00,WC,2024-03-21,-0.0,-0.0,19.34,19.34,0.0,5
2024-03-21 06:00:00+02:00,WC,2024-03-21,0.0,0.0,19.48,19.48,0.0,6
2024-03-21 07:00:00+02:00,WC,2024-03-21,0.0,0.0,19.53,19.53,0.0,7
2024-03-21 08:00:00+02:00,WC,2024-03-21,20.657824572854807,20.15720298553135,23.184005550280666,23.126131212688165,-0.5006215873234581,8
2024-03-21 09:00:00+02:00,WC,2024-03-21,94.75676783183438,94.75676783183438,35.028077036786385,35.028077036786385,0.0,9
2024-03-21 10:00:00+02:00,WC,2024-03-21,136.9939837586976,135.4734519317951,43.61053944371352,43.36709390094197,-1.5205318269024986,10
2024-03-21 11:00:00+02:00,WC,2024-03-21,150.1224988586384,148.9399114016556,47.167560137489545,46.97741634687465,-1.1825874569828159,11
2024-03-21 12:00:00+02:00,WC,2024-03-21,153.99983555793298,152.8486856181538,48.77704764775437,48.59528024411874,-1.1511499397791738,12
2024-03-21 13:00:00+02:00,WC,2024-03-21,156.62523410422247,155.38452019088015,50.68176155293692,50.47819409817785,-1.2407139133423186,13
2024-03-21 14:00:00+02:00,WC,2024-03-21,161.42214201931284,160.39074307793686,52.582168189798864,52.40117786180226,-1.0313989413759828,14
2024-03-21 15:00:00+02:00,WC,2024-03-21,168.59219155098197,167.68322508971147,54.6578169146467,54.48115034707335,-0.9089664612704951,15
2024-03-21 16:00:00+02:00,WC,2024-03-21,175.28880259830441,174.70571077766488,57.1547091987331,57.02307864154392,-0.5830918206395381,16
2024-03-21 17:00:00+02:00,WC,2024-03-21,179.82317813618758,179.82317813618758,60.491141390763296,60.491141390763296,0.0,17
2024-03-21 18:00:00+02:00,WC,2024-03-21,146.0564961929025,163.3422869544361,52.45026143322225,56.455049858667046,17.285790761533605,18
2024-03-21 19:00:00+02:00,WC,2024-03-21,0.0,0.00872565664130341,26.38,26.381666858870748,0.00872565664130341,19
2024-03-21 20:00:00+02:00,WC,2024-03-21,-0.0,-0.0,24.4,24.4,0.0,20
2024-03-21 21:00:00+02:00,WC,2024-03-21,0.0,0.0,23.66,23.66,0.0,21
2024-03-21 22:00:00+02:00,WC,2024-03-21,0.0,0.0,23.09,23.09,0.0,22
2024-03-21 23:00:00+02:00,WC,2024-03-21,0.0,0.0,22.81,22.81,0.0,23
2024-04-27 00:00:00+02:00,WC,2024-04-27,0.0,0.0,14.77,14.77,0.0,0
2024-04-27 01:00:00+02:00,WC,2024-04-27,0.0,0.0,14.54,14.54,0.0,1
2024-04-27 02:00:00+02:00,WC,2024-04-27,0.0,0.0,14.36,14.36,0.0,2
2024-04-27 03:00:00+02:00,WC,2024-04-27,0.0,0.0,14.24,14.24,0.0,3
2024-04-27 04:00:00+02:00,WC,2024-04-27,0.0,0.0,14.12,14.12,0.0,4
2024-04-27 05:00:00+02:00,WC,2024-04-27,0.0,0.0,14.04,14.04,0.0,5
2024-04-27 06:00:00+02:00,WC,2024-04-27,0.0,0.0,13.95,13.95,0.0,6
2024-04-27 07:00:00+02:00,WC,2024-04-27,0.0,0.0,13.88,13.88,0.0,7
2024-04-27 08:00:00+02:00,WC,2024-04-27,4.299539049873631,4.243103336720824,14.172987883128295,14.16980587530005,-0.0564357131528066,8
2024-04-27 09:00:00+02:00,WC,2024-04-27,41.04022810632087,41.04022810632087,17.439163192078798,17.439163192078798,0.0,9
2024-04-27 10:00:00+02:00,WC,2024-04-27,88.33279713122191,86.63741475497534,22.733151422332273,22.63063034365116,-1.6953823762465703,10
2024-04-27 11:00:00+02:00,WC,2024-04-27,111.47032289466728,109.8583815963115,27.69353089774266,27.587830786077035,-1.6119412983557737,11
2024-04-27 12:00:00+02:00,WC,2024-04-27,116.58389540553671,115.508487081677,31.42965011789164,31.352965182765793,-1.0754083238597048,12
2024-04-27 13:00:00+02:00,WC,2024-04-27,111.51700683492778,110.64038074088229,33.490278867266476,33.425808645238504,-0.8766260940454913,13
2024-04-27 14:00:00+02:00,WC,2024-04-27,105.01970388113808,103.638710177116,34.62358810146147,34.52091793300772,-1.3809937040220888,14
2024-04-27 15:00:00+02:00,WC,2024-04-27,116.66899865624677,115.32856295501632,35.83910353869782,35.7367824921583,-1.3404357012304473,15
2024-04-27 16:00:00+02:00,WC,2024-04-27,156.81449259359093,156.81449259359093,38.30963452858199,38.30963452858199,0.0,16
2024-04-27 17:00:00+02:00,WC,2024-04-27,149.23908756620938,160.5895163500504,35.88113254835004,36.795190634904785,11.35042878384101,17
2024-04-27 18:00:00+02:00,WC,2024-04-27,14.62818489836361,14.523467359818715,24.726906848281757,24.72096500351867,-0.10471753854489485,18
2024-04-27 19:00:00+02:00,WC,2024-04-27,0.0,0.0,21.82,21.82,0.0,19
2024-04-27 20:00:00+02:00,WC,2024-04-27,0.0,0.0,20.93,20.93,0.0,20
2024-04-27 21:00:00+02:00,WC,2024-04-27,0.0,0.0,20.25,20.25,0.0,21
2024-04-27 22:00:00+02:00,WC,2024-04-27,0.0,0.0,19.65,19.65,0.0,22
2024-04-27 23:00:00+02:00,WC,2024-04-27,0.0,0.0,18.71,18.71,0.0,23
2024-08-30 00:00:00+02:00,WC,2024-08-30,0.0,0.0,6.59,6.59,0.0,0
2024-08-30 01:00:00+02:00,WC,2024-08-30,-0.0,-0.0,6.18,6.18,0.0,1
2024-08-30 02:00:00+02:00,WC,2024-08-30,-0.0,-0.0,6.03,6.03,0.0,2
2024-08-30 03:00:00+02:00,WC,2024-08-30,-0.0,-0.0,5.68,5.68,0.0,3
2024-08-30 04:00:00+02:00,WC,2024-08-30,0.0,0.0,5.37,5.37,0.0,4
2024-08-30 05:00:00+02:00,WC,2024-08-30,0.0,0.0,5.09,5.09,0.0,5
2024-08-30 06:00:00+02:00,WC,2024-08-30,0.0,0.0,4.9,4.9,0.0,6
2024-08-30 07:00:00+02:00,WC,2024-08-30,-0.0,-0.0,4.82,4.82,0.0,7
2024-08-30 08:00:00+02:00,WC,2024-08-30,11.919958487350767,11.340479071455139,6.003539322940101,5.968463756447277,-0.5794794158956282,8
2024-08-30 09:00:00+02:00,WC,2024-08-30,98.66272084161766,98.66272084161766,12.748650058424158,12.748650058424158,0.0,9
2024-08-30 10:00:00+02:00,WC,2024-08-30,155.99873641982745,154.34897962431825,19.08585972023495,18.96161857053732,-1.6497567955092052,10
2024-08-30 11:00:00+02:00,WC,2024-08-30,168.44158330107047,162.0975378467575,23.636355582870195,23.10661283587319,-6.344045454312976,11
2024-08-30 12:00:00+02:00,WC,2024-08-30,168.04509024407506,161.80215147230217,27.708253112753333,27.106110622987607,-6.242938771772884,12
2024-08-30 13:00:00+02:00,WC,2024-08-30,166.73070539603748,160.39577504722644,32.68761718638686,31.890238143887686,-6.334930348811042,13
2024-08-30 14:00:00+02:00,WC,2024-08-30,168.91515351594745,163.43926580854594,38.8861226205427,37.92435894465646,-5.475887707401512,14
2024-08-30 15:00:00+02:00,WC,2024-08-30,173.3245875518268,169.13272909772428,45.945211764996515,44.90505021505905,-4.1918584541025155,15
2024-08-30 16:00:00+02:00,WC,2024-08-30,177.97724789740738,178.0036141438571,53.08763736573623,53.09709503565229,0.02636624644972585,16
2024-08-30 17:00:00+02:00,WC,2024-08-30,191.78907285401255,191.78907285401255,54.171914681050694,54.171914681050694,0.0,17
2024-08-30 18:00:00+02:00,WC,2024-08-30,112.50187890825976,189.37943750431123,31.49962594210938,46.41393876637849,76.87755859605147,18
2024-08-30 19:00:00+02:00,WC,2024-08-30,0.0,0.007317742839900869,14.37,14.371118256395743,0.007317742839900869,19
2024-08-30 20:00:00+02:00,WC,2024-08-30,0.0,0.0,12.92,12.92,0.0,20
2024-08-30 21:00:00+02:00,WC,2024-08-30,-0.0,-0.0,11.97,11.97,0.0,21
2024-08-30 22:00:00+02:00,WC,2024-08-30,0.0,0.0,11.21,11.21,0.0,22
2024-08-30 23:00:00+02:00,WC,2024-08-30,0.0,0.0,10.57,10.57,0.0,23
2024-10-23 00:00:00+02:00,WC,2024-10-23,0.0,0.0,14.38,14.38,0.0,0
2024-10-23 01:00:00+02:00,WC,2024-10-23,0.0,0.0,13.96,13.96,0.0,1
2024-10-23 02:00:00+02:00,WC,2024-10-23,0.0,0.0,13.69,13.69,0.0,2
2024-10-23 03:00:00+02:00,WC,2024-10-23,0.0,0.0,13.57,13.57,0.0,3
2024-10-23 04:00:00+02:00,WC,2024-10-23,-0.0,-0.0,13.36,13.36,0.0,4
2024-10-23 05:00:00+02:00,WC,2024-10-23,0.0,0.0,13.15,13.15,0.0,5
2024-10-23 06:00:00+02:00,WC,2024-10-23,0.0,0.0,13.09,13.09,0.0,6
2024-10-23 07:00:00+02:00,WC,2024-10-23,17.58337986119255,17.36684145127722,15.007878499568378,14.990700051466238,-0.21653840991533002,7
2024-10-23 08:00:00+02:00,WC,2024-10-23,101.37737063712912,101.37737063712912,24.092245788843112,24.092245788843112,0.0,8
2024-10-23 09:00:00+02:00,WC,2024-10-23,158.45811812603375,157.7547068744568,32.3663460075895,32.28687089521321,-0.7034112515769664,9
2024-10-23 10:00:00+02:00,WC,2024-10-23,175.6766865610597,175.29588054874824,39.27638680787752,39.221480925902064,-0.38080601231146716,10
2024-10-23 11:00:00+02:00,WC,2024-10-23,178.1561142040273,177.86848524129064,44.36315755605349,44.31545841647816,-0.2876289627366475,11
2024-10-23 12:00:00+02:00,WC,2024-10-23,177.4548427276873,177.10322920901535,48.31125615733392,48.24370841392424,-0.3516135186719396,12
2024-10-23 13:00:00+02:00,WC,2024-10-23,178.61696038502353,178.27677014486235,50.7589751300563,50.687022969394974,-0.3401902401611778,13
2024-10-23 14:00:00+02:00,WC,2024-10-23,180.55343165529354,180.32283005035376,53.49235497212488,53.43652411386863,-0.23060160493977833,14
2024-10-23 15:00:00+02:00,WC,2024-10-23,181.50204724256344,181.35924880200142,57.00501421698831,56.96310322828127,-0.14279844056201796,15
2024-10-23 16:00:00+02:00,WC,2024-10-23,183.35797510394642,183.22624959918497,59.97521700517459,59.92907994370356,-0.13172550476144806,16
2024-10-23 17:00:00+02:00,WC,2024-10-23,188.31853066424438,188.31853066424438,60.2021613397565,60.2021613397565,0.0,17
2024-10-23 18:00:00+02:00,WC,2024-10-23,166.64501581453806,174.16857515366556,52.48310405329391,54.49005903596161,7.523559339127502,18
2024-10-23 19:00:00+02:00,WC,2024-10-23,16.862031662583174,16.812806372035944,25.874730752589958,25.86862373997743,-0.04922529054723057,19
2024-10-23 20:00:00+02:00,WC,2024-10-23,-0.0,-0.0,21.08,21.08,0.0,20
2024-10-23 21:00:00+02:00,WC,2024-10-23,0.0,0.0,20.22,20.22,0.0,21
2024-10-23 22:00:00+02:00,WC,2024-10-23,0.0,0.0,19.88,19.88,0.0,22
2024-10-23 23:00:00+02:00,WC,2024-10-23,0.0,0.0,19.88,19.88,0.0,23
2024-11-29 00:00:00+02:00,WC,2024-11-29,-0.0,-0.0,15.34,15.34,0.0,0
2024-11-29 01:00:00+02:00,WC,2024-11-29,0.0,0.0,14.59,14.59,0.0,1
2024-11-29 02:00:00+02:00,WC,2024-11-29,0.0,0.0,14.04,14.04,0.0,2
2024-11-29 03:00:00+02:00,WC,2024-11-29,0.0,0.0,13.61,13.61,0.0,3
2024-11-29 04:00:00+02:00,WC,2024-11-29,0.0,0.0,13.28,13.28,0.0,4
2024-11-29 05:00:00+02:00,WC,2024-11-29,-0.0,-0.0,13.03,13.03,0.0,5
2024-11-29 06:00:00+02:00,WC,2024-11-29,2.0837228805109262,2.0400946085978666,13.073169584472367,13.069505470635582,-0.043628271913059624,6
2024-11-29 07:00:00+02:00,WC,2024-11-29,48.11398174740623,48.11398174740623,18.24574407930753,18.24574407930753,0.0,7
2024-11-29 08:00:00+02:00,WC,2024-11-29,134.29343115571294,134.29343115571294,27.21562113151213,27.21562113151213,0.0,8
2024-11-29 09:00:00+02:00,WC,2024-11-29,175.04338552392352,172.32831200559093,34.40908787497437,34.1147198315454,-2.715073518332588,9
2024-11-29 10:00:00+02:00,WC,2024-11-29,187.1538581054461,183.2873846233083,40.82466420002842,40.288640195388,-3.866473482137792,10
2024-11-29 11:00:00+02:00,WC,2024-11-29,185.16320583693707,181.78279096784624,48.257284963517755,47.59815108425622,-3.380414869090828,11
2024-11-29 12:00:00+02:00,WC,2024-11-29,182.7563218449301,179.4657112748758,53.20502688136373,52.40604577323217,-3.2906105700543264,12
2024-11-29 13:00:00+02:00,WC,2024-11-29,185.08216459739563,181.7763685711743,54.48816872491743,53.66369774306746,-3.305796026221344,13
2024-11-29 14:00:00+02:00,WC,2024-11-29,191.31363055275136,188.1537586807761,53.72952694507292,52.998232966363716,-3.1598718719752696,14
2024-11-29 15:00:00+02:00,WC,2024-11-29,199.39989548284584,196.23070824873358,51.97502988019256,51.32037842991956,-3.1691872341122576,15
2024-11-29 16:00:00+02:00,WC,2024-11-29,208.19715199232363,205.55178950398152,49.37425540706258,48.900433820871356,-2.6453624883421014,16
2024-11-29 17:00:00+02:00,WC,2024-11-29,216.42217457621754,216.46198205915906,46.35437390389066,46.360610401736835,0.03980748294151226,17
2024-11-29 18:00:00+02:00,WC,2024-11-29,221.20754267955127,221.20754267955127,43.44678654624967,43.44678654624967,0.0,18
2024-11-29 19:00:00+02:00,WC,2024-11-29,134.7274832602835,186.57625883726192,32.05103989046815,37.09273758857195,51.848775576978426,19
2024-11-29 20:00:00+02:00,WC,2024-11-29,0.0,0.010702985840714633,19.53,19.53122873723035,0.010702985840714633,20
2024-11-29 21:00:00+02:00,WC,2024-11-29,-0.0,-0.0,17.91,17.91,0.0,21
2024-11-29 22:00:00+02:00,WC,2024-11-29,-0.0,-0.0,17.21,17.21,0.0,22
2024-11-29 23:00:00+02:00,WC,2024-11-29,0.0,0.0,16.6,16.6,0.0,23
2024-12-09 00:00:00+02:00,WC,2024-12-09,0.0,0.0,16.41,16.41,0.0,0
2024-12-09 01:00:00+02:00,WC,2024-12-09,-0.0,-0.0,15.8,15.8,0.0,1
2024-12-09 02:00:00+02:00,WC,2024-12-09,-0.0,-0.0,15.12,15.12,0.0,2
2024-12-09 03:00:00+02:00,WC,2024-12-09,0.0,0.0,14.54,14.54,0.0,3
2024-12-09 04:00:00+02:00,WC,2024-12-09,0.0,0.0,14.27,14.27,0.0,4
2024-12-09 05:00:00+02:00,WC,2024-12-09,0.0,0.0,13.83,13.83,0.0,5
2024-12-09 06:00:00+02:00,WC,2024-12-09,2.0077041579831376,1.9854132551083068,13.983556399451698,13.981398275158815,-0.02229090287483082,6
2024-12-09 07:00:00+02:00,WC,2024-12-09,45.79638691770076,45.79638691770076,20.06000563445911,20.06000563445911,0.0,7
2024-12-09 08:00:00+02:00,WC,2024-12-09,129.42282144263874,129.42282144263874,31.372460765111875,31.372460765111875,0.0,8
2024-12-09 09:00:00+02:00,WC,2024-12-09,168.2316179519715,166.2420471404594,40.14997085495027,39.8363107276021,-1.9895708115120954,9
2024-12-09 10:00:00+02:00,WC,2024-12-09,183.14649974703292,181.56026237978338,44.52582059569482,44.25265659275316,-1.586237367249538,10
2024-12-09 11:00:00+02:00,WC,2024-12-09,187.96812944111772,186.49058351158956,47.773083229921724,47.49916381684115,-1.477545929528162,11
2024-12-09 12:00:00+02:00,WC,2024-12-09,190.1906548727761,188.62540401412295,49.94290600531696,49.63867151360819,-1.565250858653144,12
2024-12-09 13:00:00+02:00,WC,2024-12-09,193.39564864006658,191.77187999900022,50.81176160423222,50.49724318341914,-1.6237686410663628,13
2024-12-09 14:00:00+02:00,WC,2024-12-09,198.78995641612994,197.30629578379612,50.42754454519954,50.15470290195361,-1.483660632333823,14
2024-12-09 15:00:00+02:00,WC,2024-12-09,206.06664520276382,204.70376303940677,49.0548212569706,48.82562792481321,-1.3628821633570567,15
2024-12-09 16:00:00+02:00,WC,2024-12-09,212.8737380948261,211.56220487680767,47.453102091605146,47.24896970436086,-1.3115332180184396,16
2024-12-09 17:00:00+02:00,WC,2024-12-09,216.7534540750359,216.76540081573714,46.208660626641176,46.21048228783948,0.011946740701233693,17
2024-12-09 18:00:00+02:00,WC,2024-12-09,216.496740893395,216.496740893395,45.1451967855287,45.1451967855287,0.0,18
2024-12-09 19:00:00+02:00,WC,2024-12-09,146.58453556508266,175.8341040348426,35.067444279968086,38.490387481478734,29.249568469759936,19
2024-12-09 20:00:00+02:00,WC,2024-12-09,0.0,0.00745192275355121,19.74,19.741027606425924,0.00745192275355121,20
2024-12-09 21:00:00+02:00,WC,2024-12-09,0.0,0.0,17.88,17.88,0.0,21
2024-12-09 22:00:00+02:00,WC,2024-12-09,0.0,0.0,17.05,17.05,0.0,22
2024-12-09 23:00:00+02:00,WC,2024-12-09,0.0,0.0,16.62,16.62,0.0,23
